<?xml version="1.0" encoding="UTF-8" standalone="no"?>
<workflow-app xmlns="uri:oozie:workflow:0.5" name="SparkFileCopy">
    <start to="spark-node"/>
    <action name="spark-node">
        <spark xmlns="uri:oozie:spark-action:0.1">
            <job-tracker>${resourceManager}</job-tracker>
            <name-node>${nameNode}</name-node>
            <prepare>
                <delete path="${nameNode}/user/${wf:user()}/${examplesRoot}/output-data/spark"/>
            </prepare>
            <master>yarn-cluster</master>
            <name>Spark-FileCopy</name>
            <class>org.apache.oozie.example.SparkFileCopy</class>
            <jar>${nameNode}/user/${wf:user()}/${examplesRoot}/apps/spark/lib/oozie-examples.jar</jar>
            <arg>${nameNode}/user/${wf:user()}/${examplesRoot}/input-data/text/data.txt</arg>
            <arg>${nameNode}/user/${wf:user()}/${examplesRoot}/output-data/spark</arg>
        </spark>
        <ok to="end"/>
        <error to="fail"/>
    </action>
    <kill name="fail">
        <message>Workflow failed, error
            message[${wf:errorMessage(wf:lastErrorNode())}]</message>
    </kill>
    <end name="end"/>
</workflow-app>
